{
  "_fv": 69,
  "_type": "tool",
  "definition": {
    "toolType": "Sword",
    "renderType": 0,
    "blockingRenderType": 0,
    "texture": "fgs",
    "customModelName": "Normal",
    "blockingModelName": "Normal blocking",
    "name": "red steel sword",
    "specialInformation": {
      "fixedValue": [
        "A red steel sword of 100% purity forged from steel and a sword coated with dynamite paint"
      ]
    },
    "creativeTabs": [
      {
        "value": "CUSTOM:Mymistake"
      }
    ],
    "efficiency": 4.0,
    "attackSpeed": 1.0,
    "enchantability": 2,
    "damageVsEntity": 500.0,
    "usageCount": 4000,
    "glowCondition": {
      "fixedValue": false
    },
    "repairItems": [
      {
        "value": "CUSTOM:Fg"
      }
    ],
    "immuneToFire": false,
    "blockDropsTier": "DIAMOND",
    "blocksAffected": [],
    "stayInGridWhenCrafting": false,
    "damageOnCrafting": false,
    "onRightClickedInAir": {
      "name": "FgsDangYouJiKongQiShiShiTiDeWeiZhi"
    },
    "onCrafted": {
      "name": "FgsDangWuPinBeiHeChengHuoShaoLianShi"
    },
    "onEntityHitWith": {
      "name": "FgsDangShengWuShiTiBeiGongJuJiZhongShi"
    }
  }
}