{
  "_fv": 69,
  "_type": "potioneffect",
  "definition": {
    "effectName": "Kiffs",
    "icon": "h",
    "color": {
      "value": -65536,
      "falpha": 0.0
    },
    "isInstant": false,
    "mobEffectCategory": "BENEFICIAL",
    "renderStatusInInventory": true,
    "renderStatusInHUD": true,
    "isCuredByMilk": true,
    "isProtectedByTotem": true,
    "isCuredbyHoney": false,
    "onStarted": {
      "name": "KiffsDangYaoShuiXiaoGuoKaiShiYingYongShi"
    },
    "onExpired": {
      "name": "KiffsDangXiaoGuoJieShu"
    }
  }
}