{
  "_fv": 69,
  "_type": "projectile",
  "definition": {
    "projectileItem": {
      "value": "Items.PIGLIN_HEAD"
    },
    "showParticles": false,
    "actionSound": {
      "value": "entity.arrow.shoot"
    },
    "igniteFire": false,
    "power": 3.0,
    "damage": 50.0,
    "knockback": 5,
    "entityModel": "Default",
    "customModelTexture": "",
    "modelWidth": 0.5,
    "modelHeight": 0.5,
    "onHitsBlock": {
      "name": "KillsssDanSheWuJiZhongFangKuaiShi"
    },
    "onHitsPlayer": {
      "name": "KillsssDanSheWuJiZhongWanJiaShi"
    },
    "onHitsEntity": {
      "name": "KillsssDangDanSheWuJiZhongShiTiShi"
    },
    "onFlyingTick": {
      "name": "KillsssDanSheWuFeiXingShiMeiKeFaSheng"
    }
  }
}