{
  "_fv": 69,
  "_type": "tool",
  "definition": {
    "toolType": "Axe",
    "renderType": 0,
    "blockingRenderType": 0,
    "texture": "blackaxe",
    "customModelName": "Normal",
    "blockingModelName": "Normal blocking",
    "name": "Knee",
    "specialInformation": {
      "fixedValue": [
        "Cooled red steel axe"
      ]
    },
    "creativeTabs": [
      {
        "value": "CUSTOM:Mymistake"
      }
    ],
    "efficiency": 4.0,
    "attackSpeed": 1.0,
    "enchantability": 5,
    "damageVsEntity": 6.0,
    "usageCount": 1400,
    "glowCondition": {
      "fixedValue": true
    },
    "repairItems": [
      {
        "value": "CUSTOM:Fg"
      }
    ],
    "immuneToFire": false,
    "blockDropsTier": "DIAMOND",
    "blocksAffected": [],
    "stayInGridWhenCrafting": false,
    "damageOnCrafting": false
  }
}