{
  "_fv": 69,
  "_type": "villagertrade",
  "definition": {
    "tradeEntries": [
      {
        "villagerProfession": {
          "value": "CUSTOM:Un"
        },
        "entries": [
          {
            "price1": {
              "value": "Items.NETHERITE_INGOT"
            },
            "countPrice1": 20,
            "price2": {
              "value": "Blocks.DIAMOND_BLOCK"
            },
            "countPrice2": 9,
            "offer": {
              "value": "CUSTOM:F_gsArmor.helmet"
            },
            "countOffer": 1,
            "level": 3,
            "maxTrades": 1,
            "xp": 888,
            "priceMultiplier": 0.03
          },
          {
            "price1": {
              "value": "Blocks.EMERALD_BLOCK"
            },
            "countPrice1": 64,
            "price2": {
              "value": "CUSTOM:Cheatcore"
            },
            "countPrice2": 1,
            "offer": {
              "value": "CUSTOM:F_gsArmor.body"
            },
            "countOffer": 1,
            "level": 3,
            "maxTrades": 1,
            "xp": 999,
            "priceMultiplier": 0.03
          },
          {
            "price1": {
              "value": "Items.EMERALD"
            },
            "countPrice1": 35,
            "price2": {
              "value": "Blocks.EMERALD_BLOCK"
            },
            "countPrice2": 10,
            "offer": {
              "value": "CUSTOM:Fg"
            },
            "countOffer": 1,
            "level": 1,
            "maxTrades": 30,
            "xp": 5,
            "priceMultiplier": 0.02
          },
          {
            "price1": {
              "value": "Items.GOLD_INGOT"
            },
            "countPrice1": 40,
            "price2": {
              "value": "Blocks.DIAMOND_BLOCK"
            },
            "countPrice2": 10,
            "offer": {
              "value": "CUSTOM:F_gsArmor.legs"
            },
            "countOffer": 1,
            "level": 3,
            "maxTrades": 1,
            "xp": 5,
            "priceMultiplier": 0.03
          },
          {
            "price1": {
              "value": "Blocks.GOLD_BLOCK"
            },
            "countPrice1": 5,
            "price2": {
              "value": "Blocks.EMERALD_BLOCK"
            },
            "countPrice2": 10,
            "offer": {
              "value": "CUSTOM:F_gsArmor.boots"
            },
            "countOffer": 1,
            "level": 3,
            "maxTrades": 1,
            "xp": 5,
            "priceMultiplier": 0.03
          },
          {
            "price1": {
              "value": "CUSTOM:Fg"
            },
            "countPrice1": 1,
            "price2": {
              "value": ""
            },
            "countPrice2": 1,
            "offer": {
              "value": "Blocks.EMERALD_BLOCK"
            },
            "countOffer": 6,
            "level": 1,
            "maxTrades": 30,
            "xp": 5,
            "priceMultiplier": 0.02
          },
          {
            "price1": {
              "value": "CUSTOM:Fg"
            },
            "countPrice1": 4,
            "price2": {
              "value": "Blocks.EMERALD_BLOCK"
            },
            "countPrice2": 1,
            "offer": {
              "value": "CUSTOM:Fgs"
            },
            "countOffer": 1,
            "level": 5,
            "maxTrades": 1,
            "xp": 5,
            "priceMultiplier": 0.03
          },
          {
            "price1": {
              "value": "CUSTOM:Fg"
            },
            "countPrice1": 50,
            "price2": {
              "value": "CUSTOM:Diamondxian"
            },
            "countPrice2": 3,
            "offer": {
              "value": "CUSTOM:J"
            },
            "countOffer": 1,
            "level": 5,
            "maxTrades": 1,
            "xp": 5,
            "priceMultiplier": 0.03
          },
          {
            "price1": {
              "value": "CUSTOM:Fg"
            },
            "countPrice1": 7,
            "price2": {
              "value": ""
            },
            "countPrice2": 1,
            "offer": {
              "value": "CUSTOM:Unkonw.spawn_egg"
            },
            "countOffer": 1,
            "level": 2,
            "maxTrades": 1,
            "xp": 5,
            "priceMultiplier": 0.02
          },
          {
            "price1": {
              "value": "CUSTOM:Unkonw.spawn_egg"
            },
            "countPrice1": 1,
            "price2": {
              "value": ""
            },
            "countPrice2": 1,
            "offer": {
              "value": "CUSTOM:Fg"
            },
            "countOffer": 7,
            "level": 4,
            "maxTrades": 10,
            "xp": 5,
            "priceMultiplier": 0.02
          },
          {
            "price1": {
              "value": "CUSTOM:Fg"
            },
            "countPrice1": 21,
            "price2": {
              "value": "CUSTOM:Diamondgunzi"
            },
            "countPrice2": 5,
            "offer": {
              "value": "CUSTOM:Cheatcore"
            },
            "countOffer": 1,
            "level": 4,
            "maxTrades": 10,
            "xp": 5,
            "priceMultiplier": 0.01
          }
        ]
      }
    ]
  }
}