{
	"format_version": "1.12.0",
	"minecraft:geometry": [
		{
			"description": {
				"identifier": "geometry.unknown",
				"texture_width": 128,
				"texture_height": 256,
				"visible_bounds_width": 3,
				"visible_bounds_height": 4.5,
				"visible_bounds_offset": [0, 1.75, 0]
			},
			"bones": [
				{
					"name": "bone",
					"pivot": [0, 0, 0],
					"cubes": [
						{"origin": [-1, 0, -3], "size": [4, 22, 4], "uv": [0, 0]},
						{"origin": [-5, 0, -3], "size": [4, 22, 4], "uv": [0, 0]},
						{"origin": [3, 14, -3], "size": [4, 20, 4], "uv": [0, 0]},
						{"origin": [-9, 14, -3], "size": [4, 20, 4], "uv": [0, 0]},
						{"origin": [-5, 22, -3], "size": [8, 12, 4], "uv": [-6, -2]},
						{
							"origin": [-5, 34, -5],
							"size": [8, 8, 8],
							"uv": {
								"north": {"uv": [8, 8], "uv_size": [8, 8]},
								"east": {"uv": [0, 8], "uv_size": [8, 8]},
								"south": {"uv": [24, 8], "uv_size": [8, 8]},
								"west": {"uv": [16, 8], "uv_size": [8, 8]},
								"up": {"uv": [8, 0], "uv_size": [8, 8]},
								"down": {"uv": [16, 8], "uv_size": [8, -8]}
							}
						},
						{
							"origin": [-5, 42, -5],
							"size": [8, 0, 8],
							"uv": {
								"north": {"uv": [8, 8], "uv_size": [8, 0]},
								"east": {"uv": [0, 8], "uv_size": [8, 0]},
								"south": {"uv": [24, 8], "uv_size": [8, 0]},
								"west": {"uv": [16, 8], "uv_size": [8, 0]},
								"up": {"uv": [8, 0], "uv_size": [8, 8]},
								"down": {"uv": [16, 8], "uv_size": [8, -8]}
							}
						}
					]
				},
				{
					"name": "bone2",
					"pivot": [0, 0, 0]
				}
			]
		}
	]
}