{
  "_fv": 69,
  "_type": "armor",
  "definition": {
    "enableHelmet": true,
    "textureHelmet": "f_gs_head",
    "enableBody": true,
    "textureBody": "f_gs_body",
    "enableLeggings": true,
    "textureLeggings": "f_gs_leggings",
    "enableBoots": true,
    "textureBoots": "f_gs_boots",
    "onBodyTick": {
      "name": "FgsArmorXiongJiaShiJianMeiYouXiKe"
    },
    "creativeTabs": [
      {
        "value": "CUSTOM:Mymistake"
      }
    ],
    "armorTextureFile": "f_gs",
    "helmetName": "red steel Helmet",
    "bodyName": "red steel Chestplate",
    "leggingsName": "red steel Leggings",
    "bootsName": "red steel Boots",
    "helmetSpecialInformation": {
      "fixedValue": [
        "A helmet forged from red steel"
      ]
    },
    "bodySpecialInformation": {
      "fixedValue": [
        "A cuirass forged from red steel"
      ]
    },
    "leggingsSpecialInformation": {
      "fixedValue": [
        "Pants forged from red steel"
      ]
    },
    "bootsSpecialInformation": {
      "fixedValue": [
        "Shoes forged from red steel"
      ]
    },
    "helmetModelName": "Default",
    "helmetModelPart": "Helmet",
    "helmetModelTexture": "From armor",
    "bodyModelName": "Default",
    "bodyModelPart": "Body",
    "armsModelPartL": "Arms L",
    "armsModelPartR": "Arms R",
    "bodyModelTexture": "From armor",
    "leggingsModelName": "Default",
    "leggingsModelPartL": "Leggings L",
    "leggingsModelPartR": "Leggings R",
    "leggingsModelTexture": "From armor",
    "bootsModelName": "Default",
    "bootsModelPartL": "Boots L",
    "bootsModelPartR": "Boots R",
    "bootsModelTexture": "From armor",
    "helmetItemRenderType": 0,
    "helmetItemCustomModelName": "Normal",
    "bodyItemRenderType": 0,
    "bodyItemCustomModelName": "Normal",
    "leggingsItemRenderType": 0,
    "leggingsItemCustomModelName": "Normal",
    "bootsItemRenderType": 0,
    "bootsItemCustomModelName": "Normal",
    "helmetImmuneToFire": false,
    "bodyImmuneToFire": false,
    "leggingsImmuneToFire": false,
    "bootsImmuneToFire": false,
    "helmetGlowCondition": {
      "fixedValue": false
    },
    "bodyGlowCondition": {
      "fixedValue": false
    },
    "leggingsGlowCondition": {
      "fixedValue": false
    },
    "bootsGlowCondition": {
      "fixedValue": false
    },
    "helmetPiglinNeutral": {
      "fixedValue": false
    },
    "bodyPiglinNeutral": {
      "fixedValue": false
    },
    "leggingsPiglinNeutral": {
      "fixedValue": false
    },
    "bootsPiglinNeutral": {
      "fixedValue": false
    },
    "maxDamage": 90,
    "damageValueHelmet": 12,
    "damageValueBody": 36,
    "damageValueLeggings": 30,
    "damageValueBoots": 12,
    "enchantability": 54,
    "toughness": 4.0,
    "knockbackResistance": 0.4,
    "equipSound": {
      "value": "ambient.basalt_deltas.loop"
    },
    "repairItems": [
      {
        "value": "CUSTOM:Fg"
      }
    ]
  }
}