{
  "_fv": 69,
  "_type": "item",
  "definition": {
    "renderType": 0,
    "texture": "pl",
    "customModelName": "Ranged item",
    "customProperties": {},
    "states": [],
    "name": "red steel bow",
    "rarity": "EPIC",
    "creativeTabs": [
      {
        "value": "CUSTOM:Mymistake"
      }
    ],
    "stackSize": 1,
    "enchantability": 5,
    "useDuration": 72000,
    "toolType": 1.0,
    "damageCount": 3500,
    "recipeRemainder": {
      "value": ""
    },
    "destroyAnyBlock": false,
    "immuneToFire": false,
    "stayInGridWhenCrafting": false,
    "damageOnCrafting": false,
    "enableMeleeDamage": false,
    "damageVsEntity": 0.0,
    "specialInformation": {
      "fixedValue": [
        "a bow forged from red steel"
      ]
    },
    "glowCondition": {
      "fixedValue": false
    },
    "guiBoundTo": "<NONE>",
    "inventorySize": 9,
    "inventoryStackSize": 64,
    "onItemInUseTick": {
      "name": "JWuPinZaiShouShangShiMeiKeFaSheng"
    },
    "enableRanged": true,
    "shootConstantly": false,
    "rangedItemChargesPower": true,
    "projectile": {
      "value": "CUSTOM:Killsss"
    },
    "projectileDisableAmmoCheck": true,
    "isFood": false,
    "nutritionalValue": 4,
    "saturation": 0.3,
    "eatResultItem": {
      "value": ""
    },
    "isMeat": false,
    "isAlwaysEdible": false,
    "animation": "crossbow"
  }
}