{
  "_fv": 69,
  "_type": "potioneffect",
  "definition": {
    "effectName": "Kill",
    "icon": "l",
    "color": {
      "value": -16777216,
      "falpha": 0.0
    },
    "isInstant": false,
    "mobEffectCategory": "HARMFUL",
    "renderStatusInInventory": true,
    "renderStatusInHUD": true,
    "isCuredByMilk": false,
    "isProtectedByTotem": false,
    "isCuredbyHoney": false,
    "onStarted": {
      "name": "KillDangYaoShuiXiaoGuoKaiShiYingYongShi"
    },
    "onExpired": {
      "name": "KillDangXiaoGuoJieShu"
    }
  }
}