{
	"format_version": "1.8.0",
	"animations": {
		"animation.model.new": {
			"animation_length": 0.25,
			"bones": {
				"bone": {
					"rotation": {
						"0.0": {
							"vector": [0, 0, 0]
						},
						"0.25": {
							"vector": [0, 0, -4680]
						}
					},
					"position": {
						"0.0": {
							"vector": [0, 0, 0]
						},
						"0.25": {
							"vector": [0, 0, 0]
						}
					},
					"scale": {
						"0.0": {
							"vector": [1, 1, 1]
						},
						"0.25": {
							"vector": [1, 1, 1]
						}
					}
				}
			}
		},
		"animation.model.new2": {
			"animation_length": 0.25,
			"bones": {
				"bone": {
					"rotation": {
						"0.0": {
							"vector": [0, 0, 0]
						},
						"0.25": {
							"vector": [0, 0, 0]
						}
					},
					"position": {
						"0.0": {
							"vector": [0, 0, 0]
						},
						"0.25": {
							"vector": [-3872, 0, -45]
						}
					},
					"scale": {
						"0.0": {
							"vector": [1, 1, 1]
						},
						"0.25": {
							"vector": [1, 1, 1]
						}
					}
				}
			}
		}
	},
	"geckolib_format_version": 2
}